text,label
sumpah malah makin ribet camat tempat makin gampang mana syarat banyak makin cepet mudah tadi ken akses rumah keluar yaudah langsung camat tempat masing masing,0
apk dlm ganggam mudah,1
bagus cepat layan,1
susah masuk simple,1
aplikasi bagus siih cuma lama itu proses baik data tanggal november sampe selesai,0
mantap ngebantu apa buat yg kerja sering keluar kota asal sempat waktu internet semua urus sendiri rasa sia bayar pajak tambah saran pribadi aman basic it sedikit banyak erti baik kendala maksud kurang lihat ulas orang gaptek sulit mungkin user friendly update depan,1
jamin mudah masyarakat bukti pakai fleksibel buang buang waktu tenaga mudah sukses selalu,1
pertama kali buat akta mati lalu salam nov hasil mudah cepat muas keren disdukcapil kota bandung,1
bagus manfaat bantu sekali,1
kelas pemkot bandung dipake ios malu in,0
bantu masyarakat mudah kan urus selalu anggap sulit moga tingkat,1
percuma salam masuk nik pasword salah padahal bner apk anehh,0
alhamdulillah bantu mudah,1
salam urus surat pindah mudah cepat,1
baik banyak bugs aplikasi login ribetnya minta ampun,0
hp dipake buat login karna pernah buat login nik yg solusi,0
keren mudah masyarakat yg anti calo,1
koreksi aju proses centang selesai aju,1
layan salam kota bandung the best,1
baru daftar nik ktp sma kk sesuai gilir login gabisa hp daftar nik daftar masuk nik tetap gabisa masuk,0
bantu sedang luar kota tetap urus surat surat penting,1
batu tahu bagaimana cara urus surat surat yg perlukam,1
aneh nik sudh terdftr reset pasword gbisa,0
guna manfaat,1
bantu mudah cepat,1
engga baru pertama daftar terang nik daftar coba nik sama akun akun email cocok,0
klo beli hp ken lalu guna milik hp belum malah jd gk masuk daftar baruu gk sama sekaliii perangkat daftar belum,0
keren proses cepat mudah,1
mudah nyaman,1
mantap mudah masyarakat,1
data pakai orang gimana,0
cik atuh euy nyieun make duit rakyat nu baleg layan kudu gancang gawe pns na ulah salare wae,0
good job,1
nyusahan daftar login salam tetep daftar kan pake nik orang padahal kan pernah daftar kan pke nik orang email selalu salah padahal emil bener ribet nie bikin dokumen dowlod salam tetep susah masuk,0
bantu jd perlu repot datang lokasi buat antri ribet,1
bantu sekali cepat,1
layan online ribet cuma lama proses buat kia inline moga depan mudah cepat,1
bantu sekali,1
hallo kapan aju buat kia beberapa bulan nunggu eror datang tempat sama kata apk eror sana eror gimana kapan baik,1
bantu mudah paham,1
kurang singkron file yg minta upload form yg pdf bagi akta lahir form pdf cm hlm tp pas upload minta hlm baik mngkin jenis layan jg yg singkron bagi form bpjs sehat cm pilih dftr bpjs bbl daftar harusny pilih daftar krn yg daftar dr rs,1
kepake buat cari info pribadi sendiri,0
urus pindah bandung bogor tgl oktober urus rt rw lurah camat sendiri semua berkas lengkap minta lalu lanjut salam besok tgl okt notifikasi data hasil proses malam cek email nyata surat pindah bantu sekali buat tugas kel cipadung kec cibiru kota bandung the best layan,1
aju tiba tiba hilang notifikasi gagal apa kocak,0
mudah simpel,1
guna urus administrasi duduk gampang online disdukcapil langsung hari langsung beres duduk manis rumah,1
mudah guna meski aju awal butuh waktu hari proses nyata gagal dokumen sedikit kurang lengkap baik aju waktu butuh cepat sekali esok hari aju dokumen aju selesai proses terus kembang sama,1
bantu perlu repot,1
bagus bantu,1
bantu ada online buat kia akses terus kapan klik,1
bagus cepat,1
mantap fast and mudah,1
mudah cepat,1
kata mudah baru daftar malah daftar aneh sejak kapan daftar isi pake email sama teu,0
alhamdulillah aju pindah datang buat kk baru hari selesai bantu trimaksih,1
guna mudah proses buat akte cepat alhamdulillah mudah bantu sekali,1
login susah soal no hp sama gmail hilang,0
awal form apa yg siap makin klik makim banyak tuh tambah berkas mending lgsg dtg lebiiih jelaaaas,0
mudah sekali,1
mudah birokrasi yg ribet gratis pungli kdm,1
mudah urus online,1
nik sama no hp sd bnar ttp gk login tong gimana solusi,0
cepat mudah,1
mudah dokumen tinggal cetak sendiri praktis,1
buat ktp gaada sayang,0
daftar perlu pindah duduk luar kota nik yg daftar sdh pernah daftar padahal baru pertama kali sya kenal apl tunjuk karna butuh bantu,0
bagus gampang erti,1
proses cepat baik,1
mudah aplikasi simpel mudah erti,1
bantu proses up cepat trima kasihh,1
apk tolol inti gabisa login aneh,0
canggih disduk nihh keren habisss,1
mudah orangtua buat akte lahir kartu keluarga baru utama orangtuanya kerja luar kota dinas kait atas buat salam,1
harus mobile jkn login loginnya pake hape yg daftar awal gitu soal ganti hape,0
awal download sampe sekarang susah masuk,0
alhamdulillah kia selesai proses,1
gada appstore,0
bantu urus administrasi semua serba online,1
aju dokumen mudah cepat ongkos pungli satset sukaa,1
nyusahin doang daftar bilang daftar padahal baru pertama pake terus nyoba log in akun email sesuai nyoba reset password bilang email cocok terus komplen,0
layan disdukcapil kota bandung mudah aju keluar rumah,1
yg mudah urus data duduk,1
bantu urus administrasi duduk cepat praktis perlu antri semua serba online tangan adu tangan cepat saran buat kia adakan fitur antar via gojek pos tahun praktis perlu gerai,1
baguss bantu tampa datang lokasi,1
bikin kia,1
mending pake asal ngerti pakenya tanya google gratis pake calo rb,1
mudah layan,1
masuk nik daftar padahal pernah,0
mudah urus kartu keluarga akte lahir buat kia lewat ganggu,1
mudah segala kait catat sipil,1
yg bantu mudah urus duduk online praktis cepat butuh waktu lama estimasi hari kerja nyata hasil cepat beres kurang minggu beres berkas recommended salam mudah paham warga awam gaptek smart digitalisasi cepat erti,1
alhamdulillah bantu yg tadi sekarang bisaa bantu butuh mksihh sekali segala jfi mudah,1
terang coba daftar nik masuk pernah daftar jelas reply masuk padahal pernah login,0
pernah daftar nik pakai lupa password jiga tetep gabisa apk tolol,0
aju buat akte lahir baru selesai malah nama bayi salah lengkap padahal suket lahir antar dr lurah jelas nama lengkap skrg aju baik data terang proses koq lama layan online malah bener bener kecewa,0
bagus cepat layan rumah,1
hp android jadul kaya orang gaptek yk perlu alat komunikasi pake vivo download penting sbab cocok versi android utk org mampu bli hp baru pantas jd publik karna hnya dipake golong tentu sayang,0
mudah urus kk akta mati online,1
mudah ribet tinggal tunggu buat apa duduk mudah makasih salam,1
tahun log in pas log in lupa password trus reset password nik email cocok,0
great job thanks,1
mudah guna efisien urus perlu masyarakat,1
puas inovatif,1
layan keren cepat,1
layan bagus usul layan sistem on line layan baik hari selesai tks,1
batu gk antri tinggal nunggu proses ajh,1
good sekali,1
semua serba online lewat pos antar biar waktu produktip pegawai kerja bagus puas sekali sayang luangin waktu ambil jadi sita waktu juang rupiah kerja cukup muas aplikasi benahin karna kadaang masuk kadang masuk kota bandung kota jaman canggih serba online benah,1
login susah email nik daftar padahal pernah daftar sama sekali cape beberapa kali nyoba ngulang terus,0
bantu ada salam,1
bantu manfaat mantap,1
simple bantu beberapa buat surat layan online sempurnain,1
mantap mudah layan,1
buat dokumen duduk praktis mudah,1
bantu mudah birokrasi,1
perintah semua jelek,0
yg sulit rakyat,0
gabisa daftar,0
mohon buat cepat tanggap,1
makasih salam aplikasi bantu,1
bantu sekali orangtua sibuk ato mager,1
alhamdulillah aplikasi bantu,1
alhamdulillah proses mudah lancar pas ambil ngantri dikit masalah,1
kereen bantu,1
bantu simple jelas instruksi,1
proses cepat moga semua layan online,1
aju cepat ribet,1
layan muas disduk kota bandung,1
bantu mudah yg simpel praktis haturnuhun,1
sistem layan yg bagus mudah masyarakat belit belit dulu pernah tugas layan masyarakat utk urus administrasi duduk salut utk disduk,1
layan online asa ktp terus responnya,0
bagus bgus aiip,1
lama pake asa berkas ampun,0
puas layan,1
udh daftar trus log in kode verifikasi lwat email tp pas buka apk salam balik menu login yg hrus masukin nik sm pasword gitu trus smpe udh gitu udh malah gabsa blmjga masukin kode verifikasi apknya keluar mulu stiap buka apk buka gmail buat liat kode verifikasi,0
br daftar tp daftar ko padahal lama blm pernah daftar apl salam,0
cepat batu sekali,1
yoi santai,1
layan aju kia bisadi akses ganggu,0
bantu bener bener selesai genggam team kait puas atas layan,1
bantu aju tolak alas suruh disdukcapil trs apa hamil gede ttp kesana padahal effort nyiapin berkas buat,0
baik dilanjutjan,1
mantap tap top,1
salam bantu,1
aju mudah terlalu ribet cukup stay rumah klau tinggal print file pdf,1
buat kia offline terus,0
bantu adminitrasi,1
proses aju mudah cepat contoh buat kota kabupaten lain,1
bantu sekali buang buang waktu cepat tepat akurat mantap,1
bantu mudah,1
baik mudah sekali,1
susah masuk oy error mulu gimana ambil surat pindah gabisa login salam,1
suruh mati wifi guna data dilakuin tetep versi sama update android os tetep bisaa hadeuh,0
daftar tombol buat akun respon baik system,0
macam apa baru daftar ngebug ampas,0
ko login yah apa hari sabtu hari minggu login salam terang login pakai wifi hrus pakai data seluler udh pakai data seluler buka,1
buka kata suruh matiin wifi pake data seluler pake data seluler msih ttep buka,0
tiba tiba masuk apk cek pengajuak kia anak notif verifikasi perangkat padahal kemarin ngajuin pake hp sama,0
salam ganggu tiba tibah log out pas log in ulang malah keluar notif alplikasi verifikasi perangkat suruh guna data seluler lalu log in ikut intruksinya tetep log in apa salah padahal perangkat yg guna log in salam pernah ganti,0
yg sama buka hp tp mlah suport,0
aneh sinyal banyak kouta banyak login herannn padahal dag baguss koneksi aneh,0
busuk gk pake koneksi wifi,0
buka daftar online akte lahir,0
awal susah tugas online sabar baik alhamdulillah lancar,1
mudah proses cepat,1
sangant bantu,1
moga layan makin cepat,1
bikin kia bulan april tp skrg bulan juli beres yaa,0
layan cepat ribet,1
bantu hasil muas,1
mantap aplikasi bantu sekali,1
kereenn batu usah riweh kesana kemari duduk santai pindah camat trima salam,1
bantu yg kerja,1
kurang responsif tanya apk sebut nomor yg tera,0
puas layan proses cepat cepat pokok mantapp,1
ko proses lama perihal aju kia,0
keren bikin akte satset perlu dukcapil cukup lewat sini,1
aplikasi mantap layan mantap,1
cepat mudah praktis,1
mantap cepat,1
bantu kan pernah daftar sama sekali daftar malah notif nik sama email daftar nik email masuk cocok cerah soal urgent,0
pindah ribet bayak surat cukup kk sama ktp nga maju maju indonesia,0
salam mudah bantu moga depan baik,1
urus dokumen mudah,1
cepat proses,1
moga makin baik,1
alam baik pertama kali aju mohon surat pindah keluar kota hasil aman kondusif salam ilmu yg guna kurang paham online poko baik,1
bantu proses mudah,1
kata mudah buat akta lahir hampir bulan selesai lengkap berkas tinjau hampir bulan anak bulan status aju akta lahir status lengkap luar kota mungkin offline buat online malah mudah sulit warga,0
pake mudah buat ibu kerja online disdukcapil kota bandung mudah sekali warga,1
hp pernah sekalipun menginstal pas log in perangkat daftar nik orang bandung smart verivikasi banyak diam bandung asli orang ntt meni bikin ktp orang bandung mana punya anak,0
bantu buat admistrasi kk ktp akta lahir,1
jaman covid bantu moga tingkat,1
kompatibel perangkat,0
bagus mudah masyarakat kerja perlu ijin pergi dukcapil,1
bantu ada,1
payah tiap kali buka terus baik,0
buka maintenance terus coba ulang install sm saat masyarakat butuh buat sekolah eh error moment yg pass,0
error terus,0
layan cepat mudah,1
keren bikin apa cepat kilat bikin surat pindah domisili nyampe hari lngsg jempol buat disdukcapil bandung,1
alhamdulillah pake surat antar rt rw tinggal upload ribet buat cepat jadi antri antri panjang,1
bagus cuman sayang ngambil kartu sendiri kirim misal via pos bayar kirim sebernya gpp soal kerja luar kota jd susah ambil cuti dulu,1
mantap warga semua bantu sekali tungkatkan kerja menjdi baik,1
lucu lurah arahin onlien lewat salam semua data masuk bener pas nama salah urus kantor disdukcapil mudah,0
sekarang salam bagus dulu yg instal hp jadul sekarang susah buka walaupun instal ulang,1
aju yg simple,1
bagus pis mantap,1
layan cepat bantu,1
praktis layan disdukcapil muas sopan gercep khusus bagi informasi top markotop tgl kunjung mei,1
baik mudah sy bikin surat pindah bisaasuk,1
proses cukup baik,1
bantu usah bolak balik kantor disdukcapil berkas berkas perlu lengkap,1
aplikasi hapus terinstal hapusu muncul,0
bantu meski selalu banyak yg upload ulang ulang,1
mudah ribet bingung email hilang ttp disdukcapil,1
mudah aju data duduk perlu datang kantor disduk mana kapan langsung aju apa bila syarat lengkap,1
bagus cepat sekali tinggal ganti ktp rusak,1
knp dokumen cetak akta lahir anak bagaimana cara,1
salah ngisi nik log in rubah nik gimana,1
mudah birokrasi,1
mudah segala proses,1
bantu cepat praktis,1
mudah warga aju surat surat butuh,1
proses cepat praktis,1
upload aju,0
eweh respon respon acan wa ge,0
mudah cepat proses,1
cepat praktis mantap,1
layan buruk sistem error solusi sama sekali,0
yg sngat mudah,1
layan cepattttt,1
baik aplikasi guis,1
bantu perlu antri tempat,1
mudah informatif bantu,1
sip lanjut kan program program disduk capil,1
layan cepat bagus bantu,1
reset passwordnya tetap susah login ikut semua tunjuk tetap login gimana,0
butuh malah sulit buka,1
bantu sedang rantau,1
mudah proses cepat meski awal bingung gmn pihak lurah untung ngajarin cara aju buat akta nyata mudah cepat selesai usah pergi kesana kemari,1
ngebantu salam layan bagus,1
lama proses,0
yg bantu warga kota bandung mesti datang kantor disdukcapil gk ribet cepet tahan bintang ada cuman bintang bikin surat pindah skpwni hari bikin terbit kk baru hari mantapppppp,1
buka yah,0
susah masuk,0
layan bagus download dokumen susah notifikasi hilang customer service bantu,1
bantu sekali warga urus duduk,1
disdukcapil kota bandung lalu urus kk ktp surat pindah satu genggam antri jalan ambon,1
oke sy coba pakai duku,1
update ko buka,1
mudah fitur edit,1
mudah kantor disdukcapil,1
mudah urus kk,1
bagus cuma tiap bikin cetak ktp suka versi baru tetep suruh update akhir buka,0
bagus sekali bantu jangan hilang,1
bantu warga kota bandung buat administrasi kependudukam,1
malem buka apa minta bantu,1
tingkat terus layan masyarakat,1
cukup bantu,1
mudah mudah bantu mudah,1
kenapaa beres download suruhh update waktu klik malahh gabisa update pas buka play store malah ngebleng,0
aju beres bagus tambah bintang suruh update sama play store perlu update gimna padahal ngajuin,1
update malah minta update versi padahal playstorenya,0
mudah lapor,1
baru sekali wajar muda hp nggk download versi baru huh,1
buka suruh apdet sedia versi apdet payah,0
bagus tambahakan chat hubung aplikasi buka minta update buka gplay update,1
lumayan kelas negri moga negri penuh org jujur kompeten,1
bantu dlm urus akta mati jd perlu dtg kantor cukup upload tunggu hasil keren pis,1
mudah cepat urus dokumen,1
mantap poko perlu ungkag ingkig,1
bantu simple hrs dtg kantor,1
bantu sekali tingkat terus rekrut it the best for government no korup bismillah,1
mudah erti layan cepat banyak mudah dapat akte lahir anak,1
gmn cara ganti nik sy salah input nik login krn no kk sesuai solusi,1
simple mudah,1
bantu sekali orangtuanya ada kota lahir anak jari masalah buat akte lahir stasi syarat lengkap syarat minta lengkap lengkap buat manfaat,1
layan baik,1
ada salam batu sekali buat urus rt disduk capil,1
mudah proses cepat usah jauh kantor disdukcapil,1
rasa bantu dgn cuma jgn salah upload foto jd ulang,1
manfaat bantu,1
apk bantu sekali aju bagai dokumen duduk,1
mudah segala,1
masuk apk,1
cepat ramah layan,1
wilayah bandung timur manfaat,1
jadi mudah praktis,1
susah login nyieun teu meakeun anggar milyaran teh,0
ada salam urus duduk orang waktu urus pakai kena formulir langsung download bantu segala urus duduk,1
cepat jelas,1
proses lama ribet fitur chat pernah tanggap mending datang langsung dukcapil ribet proses periksa makan waktu,0
manfaat sibuk manfaat,1
bantu mudah serba online,1
makin mudah,1
lama pake nilai perintah kota bandung baik ribet moga terus kembang kota bandung,1
yg bantu masyarakat laku layan publik,1
mudah bantu,1
mudah urus data mudah an proses cepat yaa bikin kia moga cepet beres,1
yg mudah,1
bantu masyarakat urus surat surat penting good,1
bantu sekali makan waktu lama antri panjang mantap pokok,1
muas bantu sekali,1
bagaimana daftar org tsb punya nomer hp,1
kak gimana cara bikin akun nyata nik kelapa keluarga daftar padahal pernah daftar lupa kata sandi masuk email email daftar gatau mana jawab kak butuh,1
mudah semua,1
pas pindah duduk gk klik antar provinsi,0
manfaat mudah urus dokumen,1
moga akta lahir anak terbit salam memang mudah segala buat orang mampu ksana kemari buat ongkos ada salam butuh data lengkap trima salam,1
mudah layan online mudah an data semua aman hecker,1
mudah urus administrasi duduk bantu,1
hapus ni guna aju akta mati org yg tinggal susah sampe bela in dtng kekelurahanan biar org lurah yg bantu input ttp coba lgi rumah ttp trima mohon ribettttttttttt ttt salah dmna gada pembritahuaaan salah dmna bahkan smpe org klurahannya gatau gt lucu nyusahin org yg kerja ngurus susah kelar gatau rimbanga terima mohon ato engga,0
susah masuk kata email masuk pas cek da email masuk sama sekali,0
bantu sekali mudahhh urus semua,1
bantu keren pis sistem hindar praktek calo,1
mudah batu sekali ada layan online salam,1
layan muas mantap banyak sekali bintang,1
luar bandung ka,0
aapaan fungsi sdh instal bs masuk cm stack menu survai,0
awal masuk nik pernah guna lalu aju lalu wa direspon bantu login alhamdulillah login guna layan online sedia aju pindah keluar kota mudah mudah hasil cepat beres,1
mudah guna bantu,1
manfaat mudah top,1
layan cepat,1
tetep sulut,0
masa device cuma nik login pake nik sendiri ngga aneh,0
luar biasa proses cepat,1
ribet ruwet coba tiru dukcapil balikpapan cepat proses urus jaman sekarang perlu yg satset ribet,0
kode verif email masuk kak,0
aju udh selesai tpi file kk blom kirim email,0
mantap lancar jaya,1
bantu sekali proses cepat,1
bantu flexibel cukup duduk manis hp genggam,1
bantu bikin akte mudah ada apk salam,1
aju buat kia tolak terus tunjuk,0
cepat mudah cocok buat orang yg mageran cocok buat orang yg males hadap sama orang kaya,1
aangat bantu mudah buat dokumen,1
lupa kata sandi sama email gmn login,1
terima sedia layan bantu mudah layan online sukses selalu,1
masyaallah bantu sekali buat bikin kia perlu waktu lama proses cepat trimakasih salam,1
cukup bantu masayarakat urus duduk sayang lama aktivasi akun email banyak sampah,1
mantul pis,1
layan bagus,1
yg bantu perlu jauh jauh antri kantor dukcapil tinggal proses lewat salam isi form upload syarat tinggal tunggu notif aju udh selesai baru dukcapil buat ambil hasil proses cepat mudah,1
mudah sekali guna,1
bantu bikin simpel malah ribet salah input dr disduk baik data minta ampun hrs padahal syarat lengkap kurang hrs sdm bawah yg input data masyarakat submit cek dlu jd salah gilir salah masyarakat yg jd ribet urus apa apa hrs domisili padahal alamat ttp cm salah input jd ribet,0
geus paling bener ieu mah kerennnn,1
salam sat set antri panjang niat ngurus akte malah akte kk kia hatur nuhun disdukcapil kota bandung,1
mudah moga semua layan kait data mudah warga bandung medep,1
notifikasi muncul pemberitahuan,1
mantap semua genggam,1
ada bantu sekali segala mudah asal ikut tunjuk selesai cepat akurat jgn lupa data yg kirim kan benar atas segala,1
mudah datang tempat,1
daftar akun salam masuk daftar akun bandung sadayana masuk apk siap jangan dulu luncur,0
bagaimana cara login lupa email pasword,1
pernah buat kartu identitas anak terbit kk baru mudah perlu antri,1
susah dapat verifikasi dr email,1
handphone akun yah bantu urus tetangga punya handphone susah kasihan umur hidup urus online punya handphone,0
proses transparan bagus cuma yg bikin kesel tuh hp akun masa iyah nenek nenek sama kake kake punya hp ngurus yg ortu ortu ku gaptek gmna ngurusin klo hp satu akun,0
aju pindah datang hari langsung layan bagus bantu tera proses selesai dlm waktu jam email,1
bagimana beres aju surat pindah blm dokumenya masuk gmailnya kan print ukur datang disduknya apa bagimana,1
alhamdulillah buat akta dua sdh selesai aju cepat develover bpk ibu tugas atas bantuanya aplikasi manfaat wargi bandung,1
alhamdulilah ada online masyarakat asa bantu terimaksih disduk bandung tahan kan layan yg baik masyarakat maju terus kota bandung,1
donloid gk keluar pke wa alhamdulillah makasih salam sukses bandung,1
bantu data duduk,1
bantu ada salam mudah cepat proses buat dokumen dokumen mudah paham,1
bantu luarrr biasa keren salam kota bandung,1
mudah buat dokumen,1
mudah penting dokumen,1
tanya akte mati osid sopyati blum masuk email,1
baik data documen baca seksama teliti soal hasil sama yg baik,1
bantu sedang ada luar daerah nengajukan online ribet pulang dulu,1
semua sulit,0
sampah masuk salah terus,0
bantu sekali mudah,1
edit nik ktp salah input tau,0
ngurus surat pindah lama bngt parah kya kota sat set kebnykan main hp kali orang yg ngurus,0
aplisaki mudah gampang paham,1
apk bantu sekali,1
bantu chatnya pernah balas apabila tanya,1
responnya cepat,1
salah masukin nik malah nomer kartu keluarga gimana cara edit bingung,0
aju surat pindah de tgl agustus sekarang selesai proses terus,0
banyak bug kerja lama kurang informasi,0
lacak kartu keluarga,1
lama kocak,0
mudah bangettt gaperlu kesana kesini buat ngurus langsung satset jadiii,1
kata boboiboy tea mah baik,1
terbaiks gampang urus duduk kapan mana,1
salam mudah urus surat dokumen salam beres perlu ribet pergi disdukcapil salam mudah segala,1
awal login mudah ajuin pindah duduk ligin survey cuma klik login tau aju acc,0
layan ktp online ngapain disduk capil,0
gampang sekali,1
mantap euy pelayananya cepat,1
proses cepat ribet masalah respon cepat tugas,1
bantu teu kudu ungkag ingkig terdabesttt,1
lumayan cepat komplit syarat percept proses periksa documents,1
bantu masyarakat kota bandung urus adminitrasi duduk,1
bantu sekali jdi mudah layan laku pendaftran dri rumah cara buat akun akativasinya gampang yg pasti berterimakasih sekali ada moga makin baik mantap dlm layan,1
yg bantu,1
kecewa cukup singkat padat jelas datang langsung daftar dulu no antri sulit warga baik atur data sini tau daftar no antri khusus luar kota gimana tuh waktu sebentar solusi gimana kata satu hari kerja nyata kondisi orang orang luar kota gimana ganti tuh satu hari kerja sesuai antri biar jelas,0
ada salam mudah masyarakat perlu antri tinggal aju mana luar biasa bandung juara,1
mantap mudah guna cuman kurang blm cetak ktp,1
bantu proses cepat satu hari selesai,1
the best layan,1
sistem layan online bantu efisiensi birokrasi buat dokumen duduk moga salam kota bandung makin kembang dapat sistem layan praktis efisien,1
harus sistem satu akun satu device usah device universal tinggal atur kode otp nomor email yg daftar bagaimana user punya hape yg support masa pake hp orang ada online mudah ribet bantu kerja intansi kan yg ikut bantu user yg butuh coba contoh kota ceuk sunda na mh geus tangel rocet deuih,1
sekali bantu proses buat segala mohon,1
bantu maju terus,1
bantu sekali mudah proses,1
salam mudah cepat praktis mantab,1
bagus layan cepat praktis digitalisasi,1
layana praktis,1
overrall bagus cuman sekarang cetak sendiri mesin adm dulu kirim format pdf tinggal print sekarang ribet,1
mudah banyak layan cepat tepat call centernya fast respon bantu jaya selalu kota bandung,1
layan lbh mudah cepat,1
bantu sama sekali sempurna sulit masyarakat,0
bantu ubah baik data,1
bantu tuk yg ada luar kota bandung bdg jauh diam rumah akta anak selesai disdukcapil,1
sekarang salam ngga guna ajuin salah ajuin salah alas mulai gambar kurang jelas apa makin kesini makin mudah aju malah makin ribet sama gerai geulis ribet tibang wakilin adik ipar buat bikin akta lahir anak ngga padahal dulu atur makin sebal nyusahin,0
baik mudah,1
dukcapil bandung bantu sekali proses hrs tunggu lama,1
mantap bintang bantu memang datang kantor kerja tp overall bantu,1
error terus file pilih baca,0
instal terus uninstall install ngerti make apk alhamdulillah camat antapani sat set apkny sesimple sakura milik provinsi belah moga simpel kerja singkat,0
alhamdulilah bantu dgn terus tingkat tahan,1
layan puas,1
mudah cepat ribet ambil cepat sip pokokna mah tugas ramah,1
manfaat mudah orang orang sibuk kerja,1
baik data mudah respon cepat sekali,1
bantu masyarakat mudah proses buat akta lahir berkas lain,1
mudah urus dokumen simple efisien proses cepat,1
urus kk semua yg mula makan waktu jadi mudah genggam,1
bantu sekali batas operasional aplikasi,1
bantu proses mudah tks,1
sae pis,1
manfaat masyarakat kota bandung,1
salam memang jos mudah semua urus,1
cukup stabil mudah urus berkas duduk,1
simpel bantu,1
jadi mudah,1
pihak cantum no hp tuju ambil via gosend gojek kasi drivernya bingung pas nyampe lokasi ambil no hp hubung lokasi semua driver tau geulis mim festival city link detail lokasi belah mana coba pesan via gosend drivernya bingung kasi saya orang yg coba sama bingung jadi dicancel,0
bantu sekali musim covid salam baru walaupun layan lama tp puas hasil kirim lewat pos rumah terus sampe sekarang bikin ktp kk kia semua lewat salam mudah camat lurah beres lamaaa sekali sukses terus salam kota bandung ku cinta,1
efisien praktis proses cukup cepat,1
ringkas cepat drpd hrs ribet antri disdukcapil mending pake salam mantap,1
buat kerja bantu sekali perlu antri cukup pantengin lgsg print sendiri,1
mudah buat akta lahir hari selesai,1
layan ktp sampe sekarang tutup terus,0
hari selasa tanggal juli ko salam buka apa karna ganggu bagaimana padahal hari kemarin msh buka,1
proses buat akun klik coba kali kali proses lanjut klik buat akun respon solusi,0
tolol masuk no nik dh masuk cocok daftar ulang jawab nomber nik daftar masukin cocok bego ni,0
pak layan ktp el ada karna pindah baru ktp,1
pertama kali review playstore disdukcapil bener ubah baik moga dinas yg sama,1
cepat bikin kia anak,1
mudah bantu sekali proses cepat usah antri kantor disdukcapil sukses selalu disdukcapil kota bandung,1
bantu manfaat semua mudah,1
bagus kerja salam kota bandung bikin akte lahir anak cepat selesai langsung asal adm lengkap perlu ribet pokonamah bandung juara,1
bagus bantu warga,1
bagus sekali bantu cepat,1
bantu sekali layan cepat,1
bagus membabtu,1
cepat tanggap layan baik sekali,1
lumayan guna,1
alhamdulillah bantu sekali,1
bantu lupa pasword sama akun email hangus pake akun bantu login soal nik daftar,1
bantu sekali proses relatif cepat cuma update apk nggk realtime siak kemendagri email siak apk salamna update status over all bagus,1
bantu cepat aman,1
layan online sekarang cepat tahan,1
masyaaallah mudah sekali,1
mudah urus surat surat,1
mudah hari langsung good,1
yg bagus aju rumah,1
efisien bantu urus dokumen duduk,1
terimakasihh bantuu untukbuat kia dengn mudah ini proses cepat,1
mudah kan lokasi jauh batu sekali,1
bantu sekali trimakasih,1
bantu masyarakat,1
kode otp gabisa terus ulang ulahg,0
bagus bantu mudah buat akte lahir good job,1
puas bangeud,1
mudah baru data duduk salam,1
bagus gampang ribet urus surat surat penting,1
lama layan masa sdh minggu terus ajah proses proses,0
luar biasa,1
ko susah masuk,0
mudah mantul,1
mantap layan cepat,1
beberapa kali muncul notifikasi puas konsumen finish klik notifikasi akhir masuk,1
cara ganti email bagaimana cara soal email yg akhir daftar akses,1
dokumen yg download sini mendownload akta anak karna download terima fisik malah suruh gerai bikin surat hilang rusa akta polisi aneh ribet,0
nuhun dukcapil kota bandung inovasi selalu depan baik beri layan masyarakat kota bandung,1
baik fast respon,1
bantu mudah follow up aju,1
alhamdulillah mudah awal sedikit bingung alhamdulillah urus cepat selesai datang langsung mudah moga sukses selalu,1
bantu buat yg mager kesana sini simple cukup upload tinggal nunggu proses selesai,1
buka minggu,1
baik sekali cepat,1
mantap proses nyata selesai,1
aplikasi bagus bantu bikin akta lahir cuma hari kurang berkas jelas jelas apa kurang gimana lengkap jelas,1
apk salam guna butuh wargi datang maupun wargi pribumi kota bandung alangkah baik satu apk cangkup bantu perintah bawah rt rw lurah camat aktivasi butuh wargi warga wargo wargu warge jamin urus jenis antar buat surat antar rt rw lurah camat warga wargo wargu warge wargi tunggu nunggu jam kerja rt rw,1
cukup erti,1
the best banyak,1
akun login karena email pake dulu sendiri lupa mudah login guna email baru,0
bantu pis syarat lengkap ikut prosedur max hari selesai,1
thanks pindah keluar proses mudah,1
mudah sekali ush ksana ksni ush ngantri pake ribet tinggal duduk sokument apa,1
mudah gk ribet top pokok,1
bagus mudah cepat,1
luar biasa ats kerja salam the best mg trs tahan ttp layan masyarakat dgn hati,1
bantu emak emak gabisa kesana kemari buat urus urus akte laku momong anak rumah,1
bantu sekali ada,1
mantap lancar jaya buat akte kk lancar salahsatu perintah yg paling bagus,1
ribet bolak balik terus yg isi nik kepala keluarga bolak balik konfirmasi gonta ganti email nyata nemu solusi buat masalah yg dihadepin layan ganti ktp rusak mungkin layan yg cukup bantu meski ribet ganti foto doang mesti masukin no kk nik kepala keluarga email baru pw baru padahal semua udh isi awal efisien bantu buru butuh data,0
proses surat pindah antar provinsi waktu isi klasifikasi pindah pilih pindah antar provinsi fungsi klik jawab,0
masuk menu salam notifikasi aju selesai terus ngisi survey puas masyarakat isi terus klik selesai keluar menu survey balik awal survey,0
mudah urus,1
bantu alhamdulillah,1
proses cepat emang hari weekend off,1
buat akta lahir mudah,1
kalu pelanyan oke,1
ada bantu proses jg mudah cepat,1
alhamdulillah buat akte lahir cepat kk langsung siupdate sama dukcapil,1
semua mudah ribet,1
mantap proses aju buat akte lahir anak hari jam tengah malem aju sore langsung email tinggal cetak mantapppp,1
satu kali aju kali aju tiga kali stack silah tunggu masuk daftar antri penasaran ganti hp data foto langsung kamera alhasil mandek paksa diunintall,0
guna mudah,1
mudah masyrakat tp klo cetak sedia jg tiap lurah biar lbh mudah dekat,1
mudah an semua fasilitas sdh tinggal upload lalu terbit via cetak layan dekat,1
sangatt mudah kk akte kia hari lgsg jd,1
masa hp buka akun kan work jd sulit buat bantu tetangga yg hp,0
bantu bagus lgi fitur chat jdi mudah buat tanya,1
bantu urus dokumen duduk,1
layan identitas anak baik bikin hari jumat tgl maret hari senin tgl maret ambil layan pindah datang beres hampir minggu lebih good,1
bantu sekali proses adminitrasi duduk pokonamah mantaf,1
bantu proses urus administrasi duduk makin mudah cepat,1
busuk daftar login,0
daftar data blm login lebih,1
mudah buat akta lahir anak,1
onlinenya bantu proses cepat,1
banyak eror ngulang ngetik ampe balik klo tiap ngetik save format isi jd usah ngetik ulang klo eror,0
sangan guna,1
cepat tepat ramah,1
bantu sedang ada luar kota ubah data tambah anggota baru keluarga kk anak baru lahir,1
apk manfaat mudah bua akte anak,1
aju kia cepat,1
mudah buat daftar online,1
daftar login daftar nik daftar login nik email cocok sampah programmer magang stress gaji bayar mending bantuin emak lu ngepelin rumah orang,0
tanya bikin akte mati yg tinggal tangerang buat salam bandung tunggu blsannya,1
jelek responsive susah ubah data,0
keren warga kota bandung wajib install aju mohon online,1
layan ramah cepat,1
muas cepat layan,1
dipake buat pindah luar provinsi via wa respon jg via email malah suruh dukcapil kota asal sdgkan posisi luar provinsi asal gimana solusi malah ribet,0
mantap mudah,1
bantu yg warga bandung yg ada luar kota ada usah repot simple cepat,1
satu perangkat cuma daftar login akun bisa store akses lewat website,0
bantu sekali tinggal download isi data klo dah brs tinggal ambil disduk capil dekat,1
kapan layan ktp digital,1
mudah urus data rumah perlu antri proses cepat,1
buat ktp el online knpa buka baik,0
disdukcapil kota bandung,1
senang guna proses cepat,1
modern maju,1
keren perlu datang langsung proses,1
kerenn gercep kerja,1
bantu perlu jauh kantor dukcapil yg sedang ada luar jawa barat,1
cepat tepat,1
mudah urus duduk bantu,1
panjang skts allhamdulilah lancar,1
bantu buat akta lahir lain,1
layan akte mati mudah offline banding online info kurang lengkap syarat cepat sampai moga depan baik,1
login hasil kata silah login guna nik sebut saaat pasu nik malah,0
mudah buat akte lahir anak,1
bantu manfaat sekali,1
pindah ktp kk surat mohon pindah mudah yg sdh dtempat tuju,1
ngebantu fast respon,1
makin mudah bikin dokumen,1
sip mantap,1
log in pke kk yg sblmnya tp ttp gbsa aneh,0
bantu sekali aju ganti ktp kurang baik moga laku online,1
buat buat skpwni selesai kurun waktu hari,1
mantap keren habis aplikasi,1
cepat aman mudah aplikasiya trrbantu sekali,1
bantu sekaliiiiii smga cepat prosesnyaaa,1
proses cepat ribet,1
alhamdulillah mudah kerja,1
mudah malah sulit layan lamban buruk kelas kota bandung jauh layan gerak cepat kbb garut purwakarta urus dokumen kk ktp kia akte yg cuma proses menit datang selesai berkas langsung bawa layan disdukcapil baik online offline buruk sekali,0
mantap apk bikin mudah sesimple mantap tingkat tahan yg ribu bintang yg pilih jozzz,1
proses cepat,1
memvantu sekali cukup mudah erti makasih sdh bantu masyarakat bandung umum,1
ktp klik tanda seru,0
yg canggih bantu proses urus dokumen duduk,1
layan bagus mantap,1
gampang mudah cepat,1
mantaaap buat akte lahir proses cepat mudah hatur nuhun,1
bantu orang milik waktu lewat salam semua beres,1
update no kk disdukcapil atw camat,1
bantu proses cepat trimakasih,1
teima mudah urus layan hitung cepat nyaman tahan performa,1
apk akses,0
salam knp apknya gk akses yaa dr kemarin,0
mantap mudah layan publik,1
bantu sekali buat kia cepet,1
poko gk perlu ribet bikin akta lahir kartu keluarga yg lain tinggal sat set sat set beress pungut biaya puas pake salam yg mudah ngapain cari yg sulit,1
bagus layan respon cepat salam kota bandung,1
bantu biasa urus langsung perangkat desa lama kadang bayar tp berkat apk ngurus sendiri gratis cepet bangettttt,1
aju online jalan cepat smpai hari langsung proses maju terus ddukcapil kota bandung,1
pas registrasi tulis nik kepala keluarga pas jadi nik,1
masuk salam bantu,1
eror proses buat akte malah buka nyoba donlod ulang log in muter muter jam jam gimana,0
susah akses loading terlalu lama,0
praktis cepat,1
mudah cepat layan,1
log in nik password salah terus gilir klik lupa password terang email nik cocok,0
bantu buat akta anak,1
mudah kan terbit skpwni,1
hapus data yg bdg pak soal sdh pindah garut tp data ngambang bdg,1
mudah cepat bantu,1
alhmdllah is the best luar biasa puas salam sehat,1
alhamdullilah aju akta mati ibu online kirim moga berkas tolak,1
proses cepat cuma hari selesai,1
baik mudah tampa biaya apa gratis bikin apa,1
proses cepat mudah syarat yg minta ribet,1
teu kudu cape,1
cepat jadi alhamdulillah,1
parah aplikasi bolak balik close ulang dr awal upload file baik segera,0
bantu urus surat pindah keluar ribet pagi upload syarat syarat siang efisiensi waktu tenaga biaya mantap disdukcapil kota bandung,1
bantu sekali urus online satu saran tambah fitur save history isi data tiap form online data lapor data pending akses kemudian hari misal upload berkas,1
susah susah gampang,0
bantu layan cepat ramah,1
naha teu buka,0
bantu proses cepet ribet biaya,1
instal buka,0
good job mudah bikin akta kk,1
bantu salam kota bandung,1
layan bantu mudah lama salam tingkat layan,1
bantu kereeeeeen,1
bagus bnget,1
bantu proses lumayan cepat hari selesai,1
bantu anda kota semua sama guna saling integrasi indonesia maju,1
bantu proses cepat goodjoob,1
lumayan mudah era digital,1
mudah erti,1
bantu salam anak ku bikin kia cepet proses haturnuhun salam geulis mim,1
bantu sekali proses cepat efektif efisien urus skpwni lancar hari bantu ada luar kota bandung urus pindah aplikasi hrs trs upgrade krn bolak balik isi awal akhir keluar aplikasi save otomatis lanjut,1
mudah administrasi duduk,1
guna bantu,1
mudah paham trima salam moga jaya selalu,1
bantu buat kmi sibuk kerja,1
mudah semua efisiensi waktu cepat layan bantu sekali ada salam disdukcapil,1
edan ngahereikeun lila pis coy teng taun karek aya notif jiga kieu pagadagan teh,0
login padahal coba ganti hp ganti hp terus terus pake hp siapa aplikasi jelek,0
bantu proses kerja cepat,1
aneh nggk login harap guna perangkat asli,0
salam mudah buat dokumen digital,1
atas bantu layan cepat moga allah swt balas baik bapak ibu rezeky yg limpah aamiin yra,1
mudah semua mantull,1
mudah proses buat dokumen,1
stap jajar pindah selesai cepat,1
bantu sekali pokok mantap,1
anehh tiba tiba nik daftar gabisa login,0
koq gk bs kbuka,0
keren masa no nik udh bnr malah salah terus dulu login pas skrng jd gx nik salah kocak konoha,0
bantu urus dokumen disdukcapil antri kantor disdukcapil,1
bantu pisann uuuyyy,1
baik sekali proses cepat,1
hp hilang lama lupa password email dulu login gagal terus daftar baru login akun lama emal dr hp yg hilang terus gimana,0
bantu bagus sekali aplikasi,1
layan online efektif cepat,1
fitur ubah profil fungsi sama sekali ubah profil ubah data diri fakta ubah apa perlu ganti nomor telepon tambah foto profil isi minta ubah passwordnya baru maksud apa tiap ganti profil semua baru cara khusus ubah data profil ganti foto rubah nomor telepon,0
inovasi yg bagus perlu antri an ei loket,1
layan lalu mudah cepat dam muas,1
skrg loading lama baik,1
masuk tolak padahal no nik psswd dah benar ttp masuk,0
aplikasi bantu buat yg baru punya anak tw kalian ajuinnya langsung menu akta lahir upload semua persyaratanya kalian bakal dokument akta lahir kk sama kia proses minggu alam pribadi mah moga bantu,1
mantap integrasi,1
bantu yg erti bener trbaik,1
alhamdulillah ada salam masalah kependuduka apa cepat selesai tingkat layan sehat selalu semangattt,1
bantu efisien,1
mudah respon cepat,1
tetep ribet,0
ada salam bantu layan urus data duduk,1
mudah simple perlu repot mondar mandir trm salam kota bandung,1
bantu buat yg tinggal luar kota hatur nuhun,1
layan cukup baik proses lumayan cepat,1
bagus ribet cuman proses cepat biar urus lai,1
guna urus ubah data kk praktis cepat,1
yg beri mudah apabila buat surat surat penting,1
kira baik data cukup kk ktp akta surat nyata tanggung jawab usah isi pormulir segala kan awal baik formulir kemudian anggita keluarga kan poto kk,0
the best,1
gimana login gara gara apl pernah pake sama orang jangan imei pake orang punya hp lanjut login,0
layan online mudah cepat,1
upload gambar via galeri pakai google drive,1
layan proses cpt,1
proses selesai terima email jdi cetak dokumen,0
hasil pindah pergi camat malah suruh isi form sama buat apa,0
bikin mudah suli bikin akta buat anak mesti data saksi buat apa lol,0
bagus apk,1
muas cepat pelayananya,1
proses cepet good job buat kalian sukses selalu,1
perdana coba bikin akta lahir anak alhamdulillah proses cepat kurleb minggu udh beres dah masuk kia jg repot kantor langsung,1
cukup bantu salam,1
si cepat kilat,1
proses lumayan cepet ribet,1
bagusss guna bangett,1
alhamdulillah bikin akte lahir tida sulit bapa ibu pngurus,1
gimana cara benerin email yg salah ko susah salah psword gabisa opsi no tlp,0
proses cepat hasil sesuai yg butuh hasil cepat,1
bantu urus surat surat,1
bdg baik,1
buka stuck survey doang,0
puas layan yg cepat,1
jelek aplikasi jangan sulit masyarakat bikin emosi inovasi bagus maintenance aplikasi biar gampang out capek capek ngisi mana susah masuk,0
salam mudah simpel,1
baik bantu warga masyarakat yg butuh layan duduk,1
bagus layan,1
kasi layan bantu,1
layan baik cepat,1
layan online bagus cepat saran pemberitahuan chat lewat huruf chatnya pakai huruf kapital semua pemberitahuan informasi kurang syarat guna huruf kapital semua kes enak lihat baca baik cara chat sampai,1
jalan baik halaman survey tombol gabisa klik stuck halaman survey gabisa masuk,0
baik dech,1
banyak geng motor bandung si maneh ridwan kamil benar urus kota bandung jalan rusak main judi slot sama foya foya banyak bangun benar bandung sampah kotor tebar bandung harus ganti nama tpa bandung,0
baik cepat,1
mudah ribeettt,1
proses syarat mudah layan cepat usah cape antri disduk mantaaap tahan,1
apa memang salah masukin nik langsung ter daftar pas masuk minta riset akun siapa nomer kontak adim cahay tugas aneh apaaa hapus ajaa,0
daftar pas login kata nik daftar justru akuteh login naha hararese,0
bagus sekali semangat terus inovasi disdukcapil kota bandung,1
harus dulu dulu ni in mudah proses urus dokumen biasa ribet sana sini kesana kesini bawa biaya sekarang udh engga banyak pak bu masyarakat rasa manfaat inovasi salam,1
ada aju mudah,1
alhamdulillah bantu ada apk salam jd disduk nunggu mepeling camat cuma mesin adm kota madya blm banyak daerah camat ujungberung untung kabupaten lurah jd sy cetak ikut mesin adm lurah girimekar,1
orang gabisa login pake no tlpn ilang email gabisa minimal kan login pake nik nik ktp kan org login buat reset password,0
batu buat kerja yg mungkin sibuk kerja,1
data yg aju baik payah edit bikin aju mesti nunggu data hilang dulu parah baik,0
alhamdulillah mudah administrasi tinggal meng upload tunggu proses lama,1
lumayan satset cuma bingung ng print file akta lahir pindah pdf cari dulu cara,1
yg terlalu paksa dasar goblog it kirim email ngga masuk,0
buka versi pas update baru terang perangkat guna asli padahal hp xiaomi redmi note asli guna virtual machine baik segera apa guna verifikasi perangkat jelek,0
puas dgn layan mudah,1
proses ny mudah cepat semifa salam sukses terus,1
keren layan makin aik,1
layan ktp akses,0
up date salam ko buka aplikasi aplikasi yg mudah akurat aplikasi buka gampang tp susah yg,0
best proses cepet mudah simple banyak neko mantap bikin kia anak cuma hari kerja haturnuhun,1
layan cepat good job,1
parah selalu error pas masuk menu pindah duduk,0
proses cepat penginputan data aju banyak salah krusial chatnya sama sekali respon,0
jdi praktis mantaap,1
memang update syarat jelas tambah syarat dapat syarat teraebut aeperti formulir bbl,1
bantu masalah,1
layan bagus buat akta lahir anak asal data yg perlu cepat proses selesai cepat,1
bantu proses buat akta lahir kurleb minggu,1
bikin skts mudah,1
mudah semua perlu ribet disduk isi isi pake scan langsung,1
cepat easy user,1
aplikasi bantu milik batas waktu pergi keluar rumah semua selesai lewat hp,1
bantu sekali mendownload formulir cepat layan pempersingkat birokrasi,1
mudah cepat proses mantap,1
bantu sy ngurus surat pindah keluar hari beres luar kota usah jauh datang bandung,1
mudah akses layan cepat,1
bantu sekali dgn,1
slmt sore pa guna salam,1
mudah sekali salam kota bandung moga baik depan,1
alhamdulillah bantu salam disdukcapil,1
bantu sekali buat dokumen kait kartu keluarga lain mudah guna,1
maaf tanya kan daftar verifikasi login ko loading terus ngga masuk solusi soal urus surat pindah tempat tinggal,1
layan ktp hampir tengah tahun tanda seru terus buka buat aju mohon buka,0
meni hese rek login oge benerken kan online kudu praktis tong ribet,0
alhamdulillah ada salam bantu episien mudah,1
update tidk buka jadwal ambil apliksi salam yaa,1
bantu sekali disduk capil,1
masuk silah guna perangkat asli guna maksud gimana,0
bantu mudah guna moga makin layan baik sukses selalu,1
sngatt muas,1
bantu khusus yg sibuk kerja sedikit waktu luang benar benar beri mudah yg luar biasa salam moga manfa atnya rasa seluruh rakyat indonesia,1
efisien layan cepat,1
mantap ribet proses moga cepat,1
mnataapp bagus,1
burik gin apk ny hp pernah root tp login krn perangkat asli maksud apa klu siap utk digitalisasi usah maksain hasil produk burik akibat rawan data,0
pas daftar terang nik pernah daftar padahal baru tahu solusi,0
cepat mudah paham,1
simple praktis,1
gercep mantaaaapppp,1
aplikasi bagus layan by wa tutorial yg beri mudah erti perlu kesana kemari tinggal klik lalu hp terimaksih gbu,1
aplikasi bantu mudah praktis,1
mudah urus data duduk online trimakasih disdukcapil bandung kerja yg baik sukses selalu,1
ka aju buat kia email barcodenya langkah lanjut gimana apa langsung datang disdukcapil bantu,1
engga buka malah nomer nik sma password salah coba lupa kata sandi tpi tetep akse,0
mudah aju ribet sita waktu pokok the best apk salam succes terus moga depan baik,1
wooww simple,1
malah masuk padahal nik ama email sama,0
alhamdulillah mudah kan bikin kia anak,1
bagus bnget bantu terus,1
update buka kata perangkat asli pdhal android reakme,0
urus kk lama hilang hari langsung prin,1
bantu instal daftar log in tolak pesan no ktp daftar perangkat padahal nomer ktpnya yg tampil salah mhn bantu,0
trima bantu butuh legalitas pindah org tua,1
bantu proses adminitrasi duduk dgn cepat,1
apa ngajuin ktp ko layan ganggu terus gabisa lewat,0
efisien tingkat,1
update malah gabisa masuk salam pas login kata perangkat asli pakai hp android one android pernah root mbanking jalan normal aplikasi mesti baik,0
mudah ribet,1
login login pemberitahuan sila guna perangkat asli guna padahal belum,0
bantu cepat,1
kak aju surat mohon pindah keluar upload dokumen selalu beranda data yg sdh isi simpan ketik ulang coba selalu gagal bantu kak sy sdh ada kota tuju jd urus langsung kantor disdukcapil kota bandung,1
sulit perangkat cuma akun padahal perangkat cuman pake kk orang tua jdi pake kk sndiri,0
moga manfaat,1
bantu sekali manfaat warga kota bandung lama antri ribet bandung juara sama teknologi maju terus bandung,1
oke mantap bos,1
login baik,0
aplikasi sedang baik kira kira berapa lama sedang cek proses buat akta lahir nunggu hasil jagn lama masa baik,1
mudah baik sistem,1
bgus bgus dokumen mending via apk karna hp support buka via emal minta via tugas adu online sayang tugas ramah,0
layan cepat simpel ribet datang jauh jauh buat waktu bantu tinggal buka hp bantu buat bener sibuk praktis,1
bagus trs cepet bikin akte lahir dapaet bonus kk baru sama kia anak usah ngurusin kk baru buat masukin nama kk poko bagus,1
bantu top antri bulan balik disdukcapil,1
salam kota bandung mantap salam,1
layan baik proses cepat,1
bantu efektif efisien,1
bantu buat dokumen mesti keluar rumah proses ribet disduk kota bandung sukses selalu,1
moga proses kurang dr bulan,1
mantap bantu,1
gampang tp proses lama bngt,1
alam pindah kk kota bandung ikut suami proses cepat hari verivikasi kk baru cantum nama disdukcapil kota bandung atas layan cepat,1
awal dwonload pakai apk tahun dr ubah data kk akta lahir sampe kia mudah sekarang aju surat pindah keluar yah moga kota yg badu mudah kota bandung,1
bantu krn usah datang langsung urus kk mudah an depan cepat proses hasil lihat langsung,1
receh semua datang usah pakai inggkig we euy,0
beri mudah masyarakat,1
menu download cetak dokumen yg selesai proses,0
proses aju cepat bantu,1
layan baik cepat syarat mudah,1
bantu sekali aju mohon rumah,1
baru download buat bikin surat pindah ehh udh daftar malah engga login guna divice asli hp pake apa normal pernah root terus gmna udh hubung by wa engga respon samsek,0
bantu kamiketika sedangsibuk giat datang tatap muka,1
susah buat login alesan guna perangkat asli emg kira hp gw palsu niat mudah segala online malah ribet,0
luarrrr biasa mudah semua urus rebah,1
mudah operasi proses cepat respon layan baik,1
pernah daftar akun salam knp ko nik kata daftar,0
login otp kirim entah hadeuh,0
nungguin kode verifikasi ampuuuuunnnn ganti akun ammmppppuuuuunnnn apa susah,0
uda daftar pas login masukin nik sama paswoord jawab hp rek daftar error gmn,0
kurang sreg sama fitur device yg kunci daftar sama nik harus login logout biar ganti akun pake akun sendiri masuk daftarin akun buat nik kk ayah hp bikin akun pake nik kk sendiri gabisa harap fitur mati device maksimal nik nik soal susah gin tuh fitur solusi yg win to win solution mungkin naikin rating ganti ulas,0
lupa emil gimana cara biya buka bantu,1
meski aju via online tp layan cepat jg perlu ngantri krn apk salam,1
dftr pake hp knp login suruh pake peranglat asli dinotif divice false,0
sae pis sareng ngabantos pis hatur nuhun,1
ko lama sekali buka salam hadeuh,0
gmn online disdukcapil udh buat akun msh gk bs msk bkn mudah malah bikin pusing,0
masuk terus,0
mantap semua mudah keren banget,1
bantu buat kk buat salam,1
server oleng daftar login,0
apl maximalkan,1
kacau buka hp infinix bilang perangkat asli,0
alhamdulilah akses ny gampang jug maaf beri ulas negatif sekarng ubah,1
receh sekali kalah ma jual beli online login pas konfirmasi nomor email suka balik awal mulu ngisi nomor paksa sy ganti mail yg hp beda terus pas isi data formulir akta lahir buka data folder sama case pas balik malah awal perintah kalah jauh ma sosmed,0
daftar ket nik daftar,0
niat mengupdate didik kk coba daftar tetep gada notif apa log in sama gk reset password sama gada notif apa bingung ama sueeeeee,0
gabisa daftar atau login,0
awal buat akte lahir jalan baik cepat sekarang masuk padahal aju sedang proses,1
download applikasi hari perlu urus akta lahir anak donlot applikasi merespon klik login respon klik daftar respon klik lupa pasword ndak response maintenance kendala advise alternatif layan online segera,0
gabisa login error,1
bantu masyarakat butuh layan skala cepat tepat amanah,1
baik tercepar layan,1
mudah urus administrasi,1
asal lengkap syarat mudah ribet,1
alhamdulillah bantu,1
moga bantu,1
buat akte yg paling simple cepat embel calo wkkwk terims salam,1
informasi jelas data buka,0
bantu mudah disdukcapil bandung,1
hatur nuhun apk mantaapp,1
luar biasa bantu buat dokumen duduk bikin kia hari mantap,1
bantu sekali dg mudah paham efisien,1
urus duduk mudah cepat pokok sae pis sok urang bandung cobian moal keudah ngantri didisdukcapil nganggo apk salam mah,1
banyak update aplikasi sering sulit login,1
manfaat bantu trima moga makin tingkat layan baik,1
masuk kode email,1
simple cepet efisien tele so fast pokok thank you,1
login karna ganti hp solusi gimana,0
bantu sekali buat orang kerja pabrik perlu repot repot izin urus surat,1
buat kia puas sekali bantu sekali yg orang tua punya waktu batas pake bantu trimakasih disdukcapil,1
layan cepat mantap,1
alhamdulilah aplikasi baik,1
bantu manfaat guna tingkat terus salam disdukcapilbdg,1
bagus cepattt,1
fungsi sedia kala,0
mudah bikin surat surat pokok best,1
mudah mudah disduk kota bandung depan smakin innovative krn sistem online langsung calo kutik krn warga bandung skrg uda pinter,1
daftar terang nik kepala kel daftar coba log in tp tau email mana yg dipake dulu udh coba beberapa email ttp salah gmn log in email tau daftar yg mana,1
buat orang indramayu bikin akte lahir soal kan si pandan ayu hak cipta bandung pandan ayu akses,1
apa yg maksud guna perangkat asli da daftar pake hp yg sama ko,0
mantap salam,1
keren layan,1
yg bantu proses cepat,1
aplnya buka hp infinix,0
praktis kerja lumayan cepet hari beres asal dokumen yg upload lengkap perlu ribet kesana kesini,1
hebring bantu buat identitas duduk,1
mantap serba cepat bagus apabila layan chat support mudah konsultasi,1
bantu sekali apl mudah guna,1
ko login yah padahal reset password pemberitahuan ganti password baru masuk email tpi tetep masuk,1
butuh waktu lama bikin kia,1
rata kait tambah anggota keluarga kk pilih opsi mana,1
baru daftar tpi pas log in dblbg pkaiprangkat asli padhl sllu pke hp,0
juara kembang dokumentasi masyarakat mudah,1
baru masuk ngetik nik format nik salah padahal udh bener nik,0
sistem baik data proses upload dokumen nge load silah tunggu,1
luar biasa segala mudah,1
proses ubah data kartu keluarga lihat aju sejak tgl maret sekarang tqnggal maret tangan bilang selesai digitalisasi kaya gin harus data yg telqh lampir cepat proses,0
klo buat kk baru bagaimana rusak hilang,1
praktis bikin kia hari tinggal print disdukcapil barkodenya kirim email sana tinggal scan qr mesin neng pake apl,1
bagus mudah akses,1
intruksi mudah erti layan cepat,1
layan mudah gratis,1
memang bantu syang akte mati aju sedang proses notifnya tp knp email yg masuk ko nama salah kurang gimana donk solusi padahal syarat lengkap nama betul,1
aju akta lahir hasil arti langkah bantu,1
bantu proses cepat sekali bagus,1
bantu sekali ada hemat waktu krn aju via on line,1
so ez,1
alhamdulillah mudah proses cepat,1
lupa password sama lupa email gimana cara pak bu bikin akte sempet print,1
mudah transparan,1
bantu mudah warga kota bandung buat bagai kait identitas keluarga administrasi duduk banyak bapak walikota seluruh jajar atas cipta mudah,1
mantap repot perlu ngantri perlu korban waktu tinggal tunggu beres,1
mantap layan duduk,1
ada salam alhamdulillah semua mudah ribet cepat,1
malah gabisa log in perangkat asli maksud apa iniya,0
baru daftar login terang silah guna perangkat asli guna baik aplikasi mungkin support versi android baru payah,0
ka nanya masa aktif surat pindah bandung garut brapa hari,1
log in lupa password rim lewat email masuk email log in sma sekali,0
mkasih salam disdukcapil kota bandung alamat jln ambon bantu sx proses cepat cuma satu genggam,1
suka mudah,1
mudah bikin surat pindah kantor lewat online tadi nyuruh orang buat bikin surat pindah eh bayar mahal nyata aju surat pindah lalu online sekali,1
maap fdf blm masuk email,1
bagus bantu mudah buat perlu surat surat,1
muudah cepat,1
pa tanya aju nomor antri online lewat apa,1
baik siih benar genggam ribet sama sekali proses cepat nyesel poko pake ini yu download jugaaa wargi bandung,1
mekanisme mudah bantu sekali goodjob,1
bantu luar kota,1
bagus lancar mudah aju apa,1
mantap buat warga kota bandung,1
banyak ada bantu smua jd lbh mudah proses cepat mudah sekali guna,1
good mudah perlu antri,1
bagus mudah urus duduk,1
urus surat soal duduk gampang usah dateng disduk,1
mudah guna manfaat sekali yg sulit urus kantor langsung sibuk tempat kerja moga tetap baik makin mudah yg urus data duduk,1
registasi pas masukin kode perivikasi sengaja keluar salam gliran masuk ngulang hasil tolak no nik pakai padahal kode perivikasinya masukin ahirnya masuk hrus bgai mn,0
ny bantu sekali,1
apk bagus,1
hp sayang yg belum ilang login lgi hp baru bantu usah ribet gin login,0
apk salam apa minta upgrade malah login kata perangkat asli suruh pake asli hp login kagak,0
gercep pis birokrasi offline beuh makan waktu pis,1
sukses buat akta lahir anak berkat tunggu hasil kurleb minggu an sdh salam,1
mantaf guna,1
login anggap perangkat daftar harap validasi login rubah karna jamin pasti perangkat data master lengkap hp baru bis login karna anggap virtual device wajib pake hp keluar bawah login update terus data device ganti validasi,0
online semua mudah,1
coba kali kali susah masuk suruh sila masuk guna perangkat asli gimana,0
batu sekali,1
pa bantu masuk aplikasi tp kata daftar tidka log in nik email sesuai padahal nik cuma emai cuma tinjau,0
bantu yg kerja kantor jd perlu ijin cuti disduk lsg guna urus akta mati ortu cepat proses,1
proses cepat mudah disdukcapil kota bandung bandung juaaaaraaaa,1
apa guna warga kabupaten bandung,1
ngajukan pindah duduk keluar provinsi jabar knpa gk bsa cmn bsa pindah provinsi beda kota tpi dri provinsi bsa keluar dri provinsi,0
menbantu trims disdukcapilkotabandung,1
fungsi baik aju cepat,1
teu jalan teu dipake na,0
lama bagus mudah buat dokumen tingkat trus disdukcapil,1
login perangkat lama sulit reset password perangkat baru,0
bantu cepat bagus,1
bintang apa dftr slh slh ae andalkn org awam kayak gin,0
bagus membanu,1
alhamdulillah trmksh bnyak akhrny beres nunggu lma mondar mandir cri pinjmn bwt ngprint formulir efek kena tipu rw bong jati sy udh byr rb bwt biaya bikin surat pindah tpi berkas yg dtng ny cuma stngah gk nympe disdukcapil trtipu sudh lha kali jgn trlalu prcya sma orng jdikn pljrn aj lbh baik usaha sndri dripd mnta pak rw yg gk jujur kcewa bngt sma pak rw duit ny berkas ny ora dikelarin ampun,1
aju lalu mudah proses malah balik respon lambat tunggu hari dapat balas chat,0
bantu sekali siip,1
maaf knpa stelah aju tambah anggota keluarga kk baru logout knpa login responnya,0
update kartu keluarga tambah anggota keluarga lewat,1
skrg log in jd mudah ingat guna perangkat asli maksud gmn,1
bantu sekali usah jauh kesana kesini cukup rmh,1
pake hp infinix xiaomi pake hp apa buat log in bingung,0
ngajuin kk cepat tambahin mantap hari gais,1
user friendly,1
cepat sekali,1
buka padahal daftar,0
mudah praktis pake antri pake lama,1
bikin kk kab bandung,1
akses ngga bbrp kk harus mudah tak hp terus ribet kaya alpukat betawi klik nama lngsng otomatis data engga usah ngisi formulir terus cmn foto syarat fotocopy asli bbrp menit lngsng terus kirim lwt wa email yu atuh mudah segala offline yaallah tugas minta duit mulu apalgi bojongloa kaler satpol pp mnta lngsng beres layan sama oprator udh blm kk blm jd,0
mudah masyarakat,1
pernah nyobain kia its work,1
mudah hatur nuhun,1
hari selasa sore baru download applikasinya coba laku online dapat kia alhamdulillah upload berkas aju hari rabu sore selesai bahkan langsung no antri kirim whatsapp benar semua selesai cepat bahkan ambil kartu jl ambon ambil sesuai ingin tadi ambil festival citylink perlu lama kartu cetak mesin adc,1
tambahakan menu dokumen yg hasil buat download print makasih,1
salam bagus layan sesuai jadwal,1
login padahal pas daftar hasil maaf bintang,0
maaf bintang dulu punya akun masuk kata pakai perangkap asli padahal awal masuk pake hp hambat apa,0
alhamdulilah dah aktif bantu aplikasi trinakasih banyak,1
bantu buat kerja sibuk urus baby,1
batu sekali puas layan yg cepat proses sukses selalu,1
mudah buat surat,1
bagus aplikasi bantu,1
cetak kk efektif dulu beri pdf cetak sendiri,1
aplikasi bantu sekali,1
keren bantu,1
maaf bintang dulu login error suruh guna perangkat hp yg asli padahal login selalu pakai hp yg sama daftar akun solusi,0
bantu usah ribet sana kemari cukup download salam hatur nuhun moga tambah bagus aplikasi,1
verif email gk masuk,0
aju cetak ulang ktp yg rusak gabisa buka masalah terus lewat rt rw sama buang uang,0
mudah operasional yg penting bulak balik kena pungli,1
bantu sekali aplikasi maju terus kota bandung,1
baik bantu,1
antri rebah ide brilian,1
bagus mudah erti moga aju online cepat,1
bagus ribet kesana kesini,1
luar biasa cepat bagus semua sistem mudah email balas cepat proses,1
manfaat mudah urus,1
daftar susah login ny gimana yaa,0
tanya klw pya kapan selesai aju dr hari senin,1
bgus tingkat kn,1
bantu proses cepat trmksh,1
smgt bantu trima kash,1
bagus cepat tanggap lanjut,1
muas cepat ramah sopan sukses selalu salam disdukcapil bandung,1
cepat efisian,1
buat baru malah guna perangkat asli aneh,0
bantu sekali mudah semua,1
alhamdulillah salam terbit bantu urus administrasi duduk,1
mantap cepat akurat so fast,1
masukin dokumen logout terus,0
maaf cetak kk mandiri email tp lampir masuk email knpa,1
mudah urus duduk,1
pindah domisili lewat salam malah login padahal password udh benar nomor kk udh benar tetap login urus layan dukcapil bandung malah sulit bahkan udh kirim berkas kedukcapil bandung respon sama sekali,0
ada menu batal aju mandiri salah pilih menu aju aju yg batal jadi halang daftar menu yg tunggu batal beberapa hari,1
mantap terus maju kota,1
waktu daftar nik daftar login reset pasword nik email cocok lier,0
bantu soal dr tadi log in,0
buka ingat physical device false infinix,1
bagusss efektif lama haruss mwngantri berrjam,1
nik sama email cocok padahal daftar,0
baik ktp el yah ktp rusak,1
salam tahan rada alas bantu masyarakat indonesia khusus bandung sukses sll disduk capil,1
yg bagus proses cpt hari udh beres trimakasih salam,1
bener bener sat set sat set langsung nunggu jam jam perlu ribet keluar rumah mamak senaaaang,1
bantu urus surat surat duduk mantap euy,1
best ngurus akte cuma hari sekaligus update kk buku kia thankyou bandung thankyou salam,1
bantu biar ngga kesana sini cape trus ngabisin waktu baru punya anak takut rewel nyaman alhamdulillah pake apk proses cepet bikin akta mati papi yg baru tinggal terimakasi org baik moga selalu dlm lindung allah swt,1
bagus tak susah ngantri,1
bandung juara,0
tiap udh foto balik mulu beranda cape ngetiknya udh brp kelar padahal pke wifi,0
maaf ganggu tipe hp infinix eror seluruh tipe handphone guna apk urus dokumen duduk hambat haturnuhun,1
login tulis guna perangkat asli sya kan pake hp sya sendiri pernah otak atik root tpi ingat baik buat akta lahir anak,0
bantu sekali bolak balik antri tingkat layan,1
layan responsive tinggal sabar tunggu antri antri proses cepat aju jumat senin koreksi baik tambah dokumen selasa selesai sabtu minggu libur,1
lama loadingnya tp akhir bikin kia online proses cepet cetak disdukcapil cepet layan baik mantap makasih salam update terus,1
maaf daftar selalu notice nik daftar padahal pernah daftar bantu,0
bagus cepat praktis lama syarat lengkap bantu,1
bantu mudah dapat informasi butuh,1
yg butuh masyarakat,1
god job,1
waktu bikin kk cepet proses,1
manteplah cepet,1
aps mudah guna sy coba perbaiiki data salah tulis nama anak nama aps sdh benar pd cetak msh salah info salah tsb sy cek menu aps bantu trims,1
sumpah sungkem sama yg bikin apknya makasih banyakkk mudah cepet gila ah keren kurang pungli yg biasa tebar mana biasa berkas rb pungli ngeri pgn ganti rt allah makasih banyak salam lovee it,1
mantap bantu segala proses aju administrasi duduk khusus wilayah kota bandung tingkat kualitas layan haturnuhun,1
mantap mudah sekali ngurusin,1
super fastrespon good job hatur nuhun,1
dulu pas bikin ktp tp skrg pas buka hp buka memang minimal pakai hape apa,0
alhamdulillah mudah cepat jauh kata calo,1
dgn adanyanya bantu warga dlm urus surat online depan tingkat moga ikut intansi lain,1
aneh pernah daftar masa nik pernah daftar terus boro boro daftar aplikasi baru tau mutu seh,0
kurang responsif sering loading hambat sekali moga segera tingkat,0
daftar tabi log in alas guna data asli,1
suka bagus bantu ada salam proses mudah cepat tahan tingkat,1
bandung juara layan disdukcapil juara pis hebat pis terus tingkat keun mah mung tiasa ngarojong ku doa mugia bandung teras juara,1
bantu mudah urus ngurus dokumen bolak balik terus aju ribet pusing lama pokok mudah makas banyak,1
gabisa masuk terus coba gagal pdahal masukin nik aneh,0
bagus puas,1
cukup bantu mudah layan masyarakat kota bandung khusus putus mata rantai pungli moga tutup depan,1
good application,1
bagus gampang bangeeeetttt,1
knapa masuk terang masuk perangkat asli terus ngecek cetak ktp,0
bantu cepat poko is the best buat salam,1
masuk padahal daftar dokumen valid bantu,0
butuh waktu hari dapat file kk baru diprint ulang,1
pak sy daftar pindah antar provinsi sedia antara pilih cuma nomor pindah provinsi nomor antar provinsi klik mhon bantu,1
mudah guna bantu proses relatif cepat layan bagus,1
aplikasi bantu mudah masyarakat milik surut penting,1
waktu tahun kemarin login hp lama terus beli hp baru coba login hp baru nyata engga pakai hp lama hahaha ngakak,0
kurang puas masa aju pindah keluar nama si yg proses nama si data data emang baca keliru gitu,0
plat merah daerah bantu masyarakat ribet cepat kurang oknum pegawai perintah pungli pemkot bandung,1
cukup bagus mudah proses urus dokumen ambil lewat mesin adm gaperlu ribet bulak balik kesana kemari,1
lama bagus fungsi mudah,1
mudah praktis cukup rumah,1
alhamdulillah kali guna salam semua mudah print sendiri dokumen,1
bantu masyarakat mengrus adminduk lanjut terus kembang lengkap,1
waktu pake versi login versi baru minta paksa update aesudah diupdate masuk apk salam sdh dm kata jngan pake launcher hp ori an pake launcher launchernya pake bawa hp,1
pemberitahuan silah guna perangkat asli guna maksud bagaimana yaa,1
bikin akte kia cepat,1
mantap cepat mudah,1
salam bantu sekali,1
layan oke proses cepat mantap,1
lumayan bantu jd bolak balik lurah camat disduk tinggal duduk manis tunggu hasil,1
simpel mudah paham yes,1
disdukcapil of the best,1
luar biasa rasa bantu posisi dinas luar pulau semua perlu urus urus mandiri lewat salam,1
mudah praktis,1
simple keren,1
bagus mempermidah pegajuan,1
guna mubasir,0
akhir masuk pakai gampang nyata ribet,1
bagus sekali cepat layan,1
bener bener mudah bikin kia hari selesai,1
buat akta kia cepat mudah smua file yg perlu smua dokumen mnggu hari an mantap trimakasih smua tugas salam disduk moga depan makin mudah,1
keluar otp email,0
yaa daftar udh tulis nik pakai login gimana bantu soal bikin akta lahir anak ribet gin susah haduhhh,0
log in beres kirim aju surat pindah terus reset pasword masuk email,0
gercep pis pokona mah laaaah tinggal urus sendiri kesana mah no ribet pokokna mah mantaaab salam kota bandung,1
wahh genggam bgdt,1
layan cepat lancar salam tambah fitur yg mudah,1
layan ktp gabisa,0
allhamdullillah urus dr rumah mudah,1
apk keren bantu sekali efektif,1
jelas bagus kaku sedikit kasihan yg pernah nomor hp daftar sydah milik hp jd hambatsn,1
salam akses manfaat,1
aplikasi bantu mudah urus administrasi duduk,1
jangan batas perangkat akun semua orang faham guna milik waktu urus offline hatur nuhun moga makin kembang berkah,1
mantap makin sukses disdukcapil,1
baru daftar sekarang tpi terang nik pernah daftar error gmn jd gk pakai,0
bantu nuhun,1
bagus sekali aplikasi bantu warga kota bandung,1
respon cepat proses cepat sangan bantu mudah utk layan masyarakat,1
buat akte lahir cepat mudah buat kk sama cepat,1
mudah bye bye pungli,1
segercep ituuuuuu looo bikin akte anak hr jadiiiiiii luufff,1
ngga pilih pindah alamat kota madia kabupaten,0
warga bandung bikin akta lahir,1
alhamdulillah guna tingkat yg bagus,1
bantu sekali urus data duduk mpunyai batas waktu datang langsung kantor layan disduk,1
layan bantu cepat akses data padu disdukcapil mudah akses mantab,1
sedikit bantu sdkit saran tingkat layan aju pembahruan buat ktp salam daftar laku buat geray geulis makasih,1
matap luuur,1
salam versi baru oke mantaap,1
akhir salam terbit sekian lama alami baik makin bantu urus administrasi duduk,1
mending bikin online praktis,1
bantu sekali punya waktu banyak,1
bantu sekali masyarakat,1
daftar input data eh pas upload formulir logout sendiri trus kayak gtu,0
sungguh bantu proses mudah cepat sekali disdukcapil kota bandung buat bagus salam moga urus data data duduk lai terus mudah proses cepat,1
bantu moga depan tambah baik,1
pengunaan bantu orang perlu layan duduk mandiri cepat praktis datang disdukcapil kota bandung ikut tempat layan disdukcapil lain,1
mantap gan,1
mudah simple hemat waktu urus administrasi,1
cepat mudah mantap pokok,1
lama masuk gabisa masuk sesi habis terus,0
bagus sekali layan online cepat atas salam moga jadi wadah bermanfa at khusus warga kota bandung,1
respon cepat mudah,1
mudah bantu yg datang disdukcapil,1
mudah cepat salah beri solusi baik,1
ngebantu bagus,1
bantu mudah cepat tahan tingkat terus,1
layan ganti ektp ny knp,1
moga dgn applikasi bantu sya,1
keren sangan batu aplikasi bandung is the best poko,1
alhamdulillah aplikasi bantu sekali habis lahir langsung urus kk camat lalu bikin akta lahir kia lewat salam,1
yg bagus mudah masyarakat urus adminitrasi proses cepat aplikasi mudah guna,1
masyaallah bantu sekali ada salam alhamdulilah sekarang anak masuk dikk aktenyaa disdukbdg mudah cepat proses membantuu mantap sekali,1
atas bantu staff disdukcapil kota bandung ada yg tinggal bal mudah buat akta lahir kia kk enam anak the best tuk yg selalu beri arah bila sulit moga jadi amal ibadah staff disdukcapil kota bandung,1
